
[
  {"model": "cal.Turma", "pk": 1, "fields": {"fk_escola": 1, "turma": "6°A"}},
  {"model": "cal.Turma", "pk": 2, "fields": {"fk_escola": 1, "turma": "6°B"}},
  {"model": "cal.Turma", "pk": 3, "fields": {"fk_escola": 1, "turma": "6°C"}},

  {"model": "cal.Turma", "pk": 4, "fields": {"fk_escola": 1, "turma": "7°A"}},
  {"model": "cal.Turma", "pk": 5, "fields": {"fk_escola": 1, "turma": "7°B"}},
  {"model": "cal.Turma", "pk": 6, "fields": {"fk_escola": 1, "turma": "7°C"}},

  {"model": "cal.Turma", "pk": 7, "fields": {"fk_escola": 1, "turma": "8°A"}},
  {"model": "cal.Turma", "pk": 8, "fields": {"fk_escola": 1, "turma": "8°B"}},
  {"model": "cal.Turma", "pk": 9, "fields": {"fk_escola": 1, "turma": "8°C"}},

  {"model": "cal.Turma", "pk": 10, "fields": {"fk_escola": 1, "turma": "9°A"}},
  {"model": "cal.Turma", "pk": 11, "fields": {"fk_escola": 1, "turma": "9°B"}},
  {"model": "cal.Turma", "pk": 12, "fields": {"fk_escola": 1, "turma": "9°C"}},

  {"model": "cal.Turma", "pk": 13, "fields": {"fk_escola": 1, "turma": "1°A"}},
  {"model": "cal.Turma", "pk": 14, "fields": {"fk_escola": 1, "turma": "1°B"}},
  {"model": "cal.Turma", "pk": 15, "fields": {"fk_escola": 1, "turma": "1°C"}},

  {"model": "cal.Turma", "pk": 16, "fields": {"fk_escola": 1, "turma": "2°A"}},
  {"model": "cal.Turma", "pk": 17, "fields": {"fk_escola": 1, "turma": "2°B"}},
  {"model": "cal.Turma", "pk": 18, "fields": {"fk_escola": 1, "turma": "2°C"}},

  {"model": "cal.Turma", "pk": 19, "fields": {"fk_escola": 1, "turma": "3°A"}},
  {"model": "cal.Turma", "pk": 20, "fields": {"fk_escola": 1, "turma": "3°B"}},
  {"model": "cal.Turma", "pk": 21, "fields": {"fk_escola": 1, "turma": "3°C"}},


  {
    "model": "cal.dias",
    "pk": 1,
    "fields": {
      "dias": "Segunda-feira"
    }
  },
  {
    "model": "cal.dias",
    "pk": 2,
    "fields": {
      "dias": "Terça-feira"
    }
  },
  {
    "model": "cal.dias",
    "pk": 3,
    "fields": {
      "dias": "Quarta-feira"
    }
  },
  {
    "model": "cal.dias",
    "pk": 4,
    "fields": {
      "dias": "Quinta-feira"
    }
  },
  {
    "model": "cal.dias",
    "pk": 5,
    "fields": {
      "dias": "Sexta-feira"
    }
  },
  {
    "model": "cal.dias",
    "pk": 6,
    "fields": {
      "dias": "Sábado"
    }
  },
  {
    "model": "cal.dias",
    "pk": 7,
    "fields": {
      "dias": "Domingo"
    }
  },
  {
    "model": "cal.escola",
    "pk": 1,
    "fields": {
      "nome_escola": "COLÉGIO PERPÉTUO SOCORRO"
    }
  },
  {
    "model": "cal.ordem",
    "pk": 1,
    "fields": {
      "ordem": "1º Horário"
    }
  },
  {
    "model": "cal.ordem",
    "pk": 2,
    "fields": {
      "ordem": "2º Horário"
    }
  },
  {
    "model": "cal.ordem",
    "pk": 3,
    "fields": {
      "ordem": "3º Horário"
    }
  },
  {
    "model": "cal.ordem",
    "pk": 4,
    "fields": {
      "ordem": "4º Horário"
    }
  },
  {
    "model": "cal.ordem",
    "pk": 5,
    "fields": {
      "ordem": "5º Horário"
    }
  },
  {
    "model": "cal.ordem",
    "pk": 6,
    "fields": {
      "ordem": "6º Horário"
    }
  },
  {
    "model": "cal.materia",
    "pk": 1,
    "fields": {
      "nome_materia": "Artes"
    }
  },
  {
    "model": "cal.materia",
    "pk": 2,
    "fields": {
      "nome_materia": "Bilingue"
    }
  },
  {
    "model": "cal.materia",
    "pk": 3,
    "fields": {
      "nome_materia": "Biologia"
    }
  },
  {
    "model": "cal.materia",
    "pk": 4,
    "fields": {
      "nome_materia": "Ciências"
    }
  },
  {
    "model": "cal.materia",
    "pk": 5,
    "fields": {
      "nome_materia": "Ed. Física"
    }
  },
  {
    "model": "cal.materia",
    "pk": 6,
    "fields": {
      "nome_materia": "Ens. Religioso"
    }
  },
  {
    "model": "cal.materia",
    "pk": 7,
    "fields": {
      "nome_materia": "Filosofia"
    }
  },
  {
    "model": "cal.materia",
    "pk": 8,
    "fields": {
      "nome_materia": "Física"
    }
  },
  {
    "model": "cal.materia",
    "pk": 9,
    "fields": {
      "nome_materia": "Geografia"
    }
  },
  {
    "model": "cal.materia",
    "pk": 10,
    "fields": {
      "nome_materia": "Gramática"
    }
  },
  {
    "model": "cal.materia",
    "pk": 11,
    "fields": {
      "nome_materia": "História"
    }
  },
  {
    "model": "cal.materia",
    "pk": 12,
    "fields": {
      "nome_materia": "Inglês"
    }
  },
  {
    "model": "cal.materia",
    "pk": 13,
    "fields": {
      "nome_materia": "Literatura"
    }
  },
  {
    "model": "cal.materia",
    "pk": 14,
    "fields": {
      "nome_materia": "Matemática"
    }
  },
  {
    "model": "cal.materia",
    "pk": 15,
    "fields": {
      "nome_materia": "Português"
    }
  },
  {
    "model": "cal.materia",
    "pk": 16,
    "fields": {
      "nome_materia": "Projeto de Vida"
    }
  },
  {
    "model": "cal.materia",
    "pk": 17,
    "fields": {
      "nome_materia": "Química"
    }
  },
  {
    "model": "cal.materia",
    "pk": 18,
    "fields": {
      "nome_materia": "Redação"
    }
  },
  {
    "model": "cal.materia",
    "pk": 19,
    "fields": {
      "nome_materia": "Sociologia"
    }
  },
  {
    "model": "cal.materia",
    "pk": 20,
    "fields": {
      "nome_materia": "Tec. Integradas"
    }
  },
  {
    "model": "cal.professor",
    "pk": 1,
    "fields": {
      "fk_escola": 1,
      "fk_materia": 14,
      "nome_professor": "Andreia"
    }
  },
  {
    "model": "cal.professor",
    "pk": 2,
    "fields": {
      "fk_escola": 1,
      "fk_materia": 15,
      "nome_professor": "Angel"
    }
  },
  {
    "model": "cal.professor",
    "pk": 3,
    "fields": {
      "fk_escola": 1,
      "fk_materia": 11,
      "nome_professor": "Breno"
    }
  },
  {
    "model": "cal.professor",
    "pk": 4,
    "fields": {
      "fk_escola": 1,
      "fk_materia": 5,
      "nome_professor": "Bruno"
    }
  },
  {
    "model": "cal.professor",
    "pk": 5,
    "fields": {
      "fk_escola": 1,
      "fk_materia": 9,
      "nome_professor": "Cida"
    }
  },
  {
    "model": "cal.professor",
    "pk": 6,
    "fields": {
      "fk_escola": 1,
      "fk_materia": 8,
      "nome_professor": "Elvis"
    }
  },
  {
    "model": "cal.professor",
    "pk": 7,
    "fields": {
      "fk_escola": 1,
      "fk_materia": 11,
      "nome_professor": "Guilherme"
    }
  },
  {
    "model": "cal.professor",
    "pk": 8,
    "fields": {
      "fk_escola": 1,
      "fk_materia": 1,
      "nome_professor": "Hamilton"
    }
  },
  {
    "model": "cal.professor",
    "pk": 9,
    "fields": {
      "fk_escola": 1,
      "fk_materia": 3,
      "nome_professor": "Ianca"
    }
  },
  {
    "model": "cal.professor",
    "pk": 10,
    "fields": {
      "fk_escola": 1,
      "fk_materia": 20,
      "nome_professor": "Leonardo"
    }
  },
  {
    "model": "cal.professor",
    "pk": 11,
    "fields": {
      "fk_escola": 1,
      "fk_materia": 1,
      "nome_professor": "Letícia"
    }
  },
  {
    "model": "cal.professor",
    "pk": 12,
    "fields": {
      "fk_escola": 1,
      "fk_materia": 2,
      "nome_professor": "Lucas"
    }
  },
  {
    "model": "cal.professor",
    "pk": 13,
    "fields": {
      "fk_escola": 1,
      "fk_materia": 18,
      "nome_professor": "Marília"
    }
  },
  {
    "model": "cal.professor",
    "pk": 14,
    "fields": {
      "fk_escola": 1,
      "fk_materia": 15,
      "nome_professor": "Nara"
    }
  },
  {
    "model": "cal.professor",
    "pk": 15,
    "fields": {
      "fk_escola": 1,
      "fk_materia": 17,
      "nome_professor": "Nildo"
    }
  },
  {
    "model": "cal.professor",
    "pk": 16,
    "fields": {
      "fk_escola": 1,
      "fk_materia": 4,
      "nome_professor": "Pablo"
    }
  },
  {
    "model": "cal.professor",
    "pk": 17,
    "fields": {
      "fk_escola": 1,
      "fk_materia": 9,
      "nome_professor": "Phylipe"
    }
  },
  {
    "model": "cal.professor",
    "pk": 18,
    "fields": {
      "fk_escola": 1,
      "fk_materia": 14,
      "nome_professor": "Rafael"
    }
  },
  {
    "model": "cal.professor",
    "pk": 19,
    "fields": {
      "fk_escola": 1,
      "fk_materia": 19,
      "nome_professor": "Reinaldo"
    }
  },
  {
    "model": "cal.professor",
    "pk": 20,
    "fields": {
      "fk_escola": 1,
      "fk_materia": 13,
      "nome_professor": "Stéphanie"
    }
  },
  {
    "model": "cal.professor",
    "pk": 22,
    "fields": {
      "fk_escola": 1,
      "fk_materia": 4,
      "nome_professor": "Thaís"
    }
  },
  {
    "model": "cal.professor",
    "pk": 23,
    "fields": {
      "fk_escola": 1,
      "fk_materia": 6,
      "nome_professor": "Viviane"
    }
  },
  {
    "model": "cal.professor",
    "pk": 24,
    "fields": {
      "fk_escola": 1,
      "fk_materia": 2,
      "nome_professor": "Yasmin"
    }
  },

  
  {"model": "cal.Horarios", "pk": 1, "fields": {"fk_dias": 1, "fk_ordem": 1, "fk_escola": 1, "fk_turma": 1, "fk_professor": 24, "fk_materia": 2}},
  {"model": "cal.Horarios", "pk": 2, "fields": {"fk_dias": 1, "fk_ordem": 2, "fk_escola": 1, "fk_turma": 1, "fk_professor": 2, "fk_materia": 15}},
  {"model": "cal.Horarios", "pk": 3, "fields": {"fk_dias": 1, "fk_ordem": 3, "fk_escola": 1, "fk_turma": 1, "fk_professor": 2, "fk_materia": 15}},
  {"model": "cal.Horarios", "pk": 4, "fields": {"fk_dias": 1, "fk_ordem": 4, "fk_escola": 1, "fk_turma": 1, "fk_professor": 23, "fk_materia": 6}},
  {"model": "cal.Horarios", "pk": 5, "fields": {"fk_dias": 1, "fk_ordem": 5, "fk_escola": 1, "fk_turma": 1, "fk_professor": 1, "fk_materia": 14}},
  {"model": "cal.Horarios", "pk": 6, "fields": {"fk_dias": 1, "fk_ordem": 6, "fk_escola": 1, "fk_turma": 1, "fk_professor": 22, "fk_materia": 16}},

  {"model": "cal.Horarios", "pk": 7, "fields": {"fk_dias": 2, "fk_ordem": 1, "fk_escola": 1, "fk_turma": 1, "fk_professor": 1, "fk_materia": 14}},
  {"model": "cal.Horarios", "pk": 8, "fields": {"fk_dias": 2, "fk_ordem": 2, "fk_escola": 1, "fk_turma": 1, "fk_professor": 24, "fk_materia": 2}},
  {"model": "cal.Horarios", "pk": 9, "fields": {"fk_dias": 2, "fk_ordem": 3, "fk_escola": 1, "fk_turma": 1, "fk_professor": 10, "fk_materia": 20}},
  {"model": "cal.Horarios", "pk": 10, "fields": {"fk_dias": 2, "fk_ordem": 4, "fk_escola": 1, "fk_turma": 1, "fk_professor": 24, "fk_materia": 2}},
  {"model": "cal.Horarios", "pk": 11, "fields": {"fk_dias": 2, "fk_ordem": 5, "fk_escola": 1, "fk_turma": 1, "fk_professor": 5, "fk_materia": 9}},
  {"model": "cal.Horarios", "pk": 12, "fields": {"fk_dias": 2, "fk_ordem": 6, "fk_escola": 1, "fk_turma": 1, "fk_professor": 3, "fk_materia": 11}}
]

